,PC1,PC2,PC3,PC4,PC5,PC6,PC7,PC8,PC9,PC10,PC11,PC12,PC13,PC14,PC15,PC16,PC17,PC18
TCGA-NF-A4X2-01A,1.154486572532615,-22.139034053700033,-4.581484123875932,-17.603102692847564,-14.477584960493969,4.656689812458561,-6.044541430021922,-1.721194765793714,7.961960228354343,3.7026529479597614,-8.503054257733492,-3.9437620954977777,-1.4992706241363465,10.173840664902398,1.986535106765449,4.883447508870527,-2.426000575455416,-0.49449750352891675
TCGA-N5-A4RA-01A,34.97333548958116,-3.1632457393379614,8.975333014785988,1.4677827001190369,7.575166007638234,-4.685415012876986,2.111621527765213,1.4784440830020122,-5.0304253787673545,4.942351455692595,3.6783075813756994,-1.7235654131876308,-1.774366116620201,-7.059500730520008,-3.2569500325550336,-4.527868013196083,1.1599299260972176,2.6173406281495564
TCGA-NG-A4VU-01A,39.03929164167175,-10.201123328391086,8.96073869981788,-8.000598754562638,17.316017464728105,9.983915574911467,-8.225443410280945,-1.265198515338361,2.681917522506014,5.7346626671158925,-6.0364005215043814,3.311404686192837,-3.102155711333217,-1.147016376639355,-5.295729081621004,2.416215941780259,6.055744559864906,0.6278705531752862
TCGA-N5-A4RS-01A,-12.030905308639728,5.129784237613562,-13.21839908560611,16.878634248200463,10.677483746247285,-7.391096946396267,-4.675012053263796,1.827604363029604,-11.29520415506641,-0.6036992639679087,5.528254239934256,-6.787313264317668,-2.2673245593917213,0.6346725410009249,5.932178073946109,6.027129685880509,-2.118248560309976,1.9027220787593784
TCGA-NA-A5I1-01A,-1.2604703366250258,23.281810312277575,-7.205591133941624,0.4900912559950426,-6.069918798367931,5.210385971371462,4.212576692379979,-8.794450458744834,1.939372458994849,11.328546792792993,-5.8997518980252375,0.7875848293074934,-0.1395985825883137,-1.9394614678245352,8.451372035231973,-4.097339801125428,-2.430879558951313,-0.8112054714403212
TCGA-N8-A4PL-01A,-5.406842861498232,3.2944018572951124,-16.490206044880917,11.352192630108341,-0.21355096317561786,1.2859324604222757,-11.13807580658391,2.892064245526562,2.0484193665332047,-5.776407561057214,4.25223703388912,6.119897457687262,-0.3792748335104921,-3.0515681084416366,-2.4942710842094713,1.5802268505741104,-1.7117879610248286,7.112810852615582
TCGA-ND-A4W6-01A,5.632397501998543,0.13928704807860995,24.79467345768087,4.759527854622503,-11.907508722733203,-5.07527870879203,-2.1695274914145886,0.5710490904728246,-4.511152598786567,0.5410603435443816,2.6826271718098322,2.1182944961206487,9.5163671547678,-3.5625447676177178,-2.8753440659962037,-4.3214766903909085,-0.8149540222423554,7.976077422685999
TCGA-NG-A4VW-01A,-26.426693865618947,3.7152740384383947,-0.5237973736015145,-18.622303675284066,19.69569002763477,1.9705011249277087,3.497334328951871,-8.924752064716417,3.854178242139375,-11.68745360128562,-7.337741021292619,11.235038023229203,3.2667918617961345,-0.21106219319463707,4.308245052063346,-0.8124111680806566,-5.72736887229114,-2.236505434967924
TCGA-ND-A4WF-01A,22.00016872474141,3.740975144182884,1.0861195912063193,-1.1691311366570394,-14.310810348006138,-15.547257994154721,1.4790123774205923,3.855697120060716,0.9569342414612224,-9.136360436677567,-4.846237794654201,7.716697298943399,2.4565014655901227,-6.706703108548779,0.9549618497125887,-0.22931064504385995,-0.25210791240556185,4.340042845564047
TCGA-NA-A4QW-01A,42.7606615545953,6.264992063075522,11.943499443523953,-2.2257632033888486,9.192972957807184,-1.8580075314776308,-4.619292489990696,-0.9465349465272408,2.113131307342923,0.28222385852049053,3.956504714052771,1.9863688566974977,-4.243245750035639,1.0849123719185896,2.295184170948618,-0.5226959568695366,0.39568274683361865,-1.6040530900519485
TCGA-N8-A56S-01A,4.083887259130503,19.84918199617502,-2.333181131590939,10.72805884680683,4.099141856428102,11.519349651812401,3.3422637778039923,0.4157608269270825,-1.1771687736885903,0.37851103187233437,4.07025642514339,1.8379872895264817,-5.490449918953364,1.1559739374490665,7.100717062815789,-1.0778336961494395,0.39771131327541365,-3.445440239049541
TCGA-N6-A4VD-01A,-24.821307518177044,4.083175989390019,11.121619064436741,-10.335637782007497,15.600226496087977,-8.22660868058615,11.39644453530232,4.7621075292654185,5.640426367848392,-4.766102399061833,-6.21303617611092,0.8564420217826897,8.769927595793613,-3.6944641901478574,7.104686450354183,-0.5141635016460819,23.255268984004793,-2.9596261761288423
TCGA-NA-A4R1-01A,3.0638609901218583,-19.055101009108053,-19.43722403567341,-0.5127408692529654,-0.7025581067909804,-3.950064803510992,6.004759161616572,-10.16637930082075,20.048689286430978,-3.280893119745136,22.61814070415753,0.8484125509994799,9.81397133993251,-15.472363745022667,-5.327333765897072,8.193594675670205,0.20557878828249132,-4.232987811384774
TCGA-N5-A4RT-01A,0.13354979733043515,9.26688117627624,-16.03772580274308,-6.784365632467449,-3.689467657633542,-11.034131868787306,14.351166236500895,5.680519809671244,9.167315991508202,2.425908137959102,1.914230538911085,3.0687945679319886,-4.840535002613357,12.22315378099097,-0.5361757922895416,-3.6345195124291956,-6.650239321178084,4.032452287745668
TCGA-NF-A4WX-01A,-6.092070972766245,10.469484015638022,-12.194547446169365,10.402948065684447,2.458708151307596,17.71020876837811,0.4403801091787869,-6.642024286518089,2.982627651557508,0.9052564448679039,-5.930046902350518,3.7917343469407228,-0.7501172260708391,-5.093179062193874,-0.897274153066414,0.12202220926503902,0.13136423618054355,-1.6484925765323701
TCGA-N8-A4PM-01A,-15.18219056931678,-0.4867611053848786,-2.2641894752593736,0.7506559578804199,4.461723980985876,13.198726412621431,9.378248094304546,5.790371074319962,-10.85046458040072,-5.958043414381297,2.92406684318471,-2.5708563485338507,0.4482758619078975,-0.8435165045714469,6.8084245239163375,0.7112079975702368,-7.426436397840413,-3.0335329772118342
TCGA-NA-A4QX-01A,31.82465455284174,7.875017174763165,6.128081608678279,-5.340451281366472,9.074231223038982,3.593144719335812,-4.0649154652196815,8.011206842511767,-2.5210641283871573,-2.1296727556614594,4.800889225401264,-0.7949264908900245,1.086559794207792,-1.7918609099992544,1.0541645394610548,2.022893954546789,3.0469010836197743,-0.25639389012453784
TCGA-NA-A4QV-01A,-3.8734398868670645,18.449681879053106,-5.459635830911843,-9.856088100898958,-14.256874126264556,-0.7091101204146885,-1.4541903907059421,-9.915415619094741,-2.8302181676791425,0.3508727725047054,3.247194787696496,-3.0357999542794745,-3.6449738613598868,-2.737657984631539,-1.6715213296291611,-7.244563322346967,10.151682336801004,-1.870339094309452
TCGA-N6-A4VE-01A,-14.445444125497191,17.797669429343433,-1.9572754289222158,-6.035863924215308,-2.6249111728436683,-2.7635715982758815,5.794704576347455,-4.140746656075895,-0.1323492904616005,18.021825428108613,-6.58383623489123,-3.96621893264312,-1.032114256187912,-5.335672310464704,5.155107681347373,-3.52909393777505,-5.910768883523143,-6.986706319563704
TCGA-N9-A4Q3-01A,-10.556521926852062,3.999655831232514,4.238804122197582,22.90404255134433,-5.277255214370507,-11.066386672447422,-6.294592969968913,-6.488627307845049,0.08930444653975259,-0.3778622472024502,-2.8518981201102775,-4.913660566772236,4.927955942340447,6.762058870122318,-3.661904684119977,0.13588433075023232,1.229477143758404,4.176235063739033
TCGA-N5-A4RO-01A,15.699294800197363,-1.7576639558186542,-17.243438878576345,4.922813052164238,0.40711949956779947,-11.017104600222298,7.299749097908887,6.614291171022002,14.181970798373102,-6.9631642612760185,-5.6158160079299035,3.785864305577527,-2.801925178491235,11.889736012081817,-7.5764480818258,-2.5035319075768006,-1.1590969232245325,-7.061100541733905
TCGA-N5-A4RU-01A,-3.0900756610424915,3.795810404525427,-8.262553943143336,-7.029364672566114,-11.134945110123567,4.396588788754953,-16.911347475303547,8.96280622139541,-5.802830312259429,-12.081436320476225,-1.8747646743083368,11.604744550700339,-4.57383809585248,1.856624208076894,2.063439738449401,-6.375150110455964,1.9175488817481505,-4.907623441133971
TCGA-N5-A4RF-01A,-7.659129733379267,-6.925660908174937,-2.132932868011014,-3.653902841998253,-7.526268409078552,6.528752007452086,-1.1973299596544695,17.082040638835824,-4.769065353844377,7.27645199075473,-8.32659604569157,-4.3755239530511805,10.994566754872732,-0.6147165678506624,-9.083680381975126,-0.6215728407585666,-9.939358770792545,-3.194841989107677
TCGA-ND-A4WC-01A,-26.3655232432581,-4.966561791750219,20.89810563876584,13.706155208550811,0.5404811385195357,2.264767697308734,0.2737879036126388,19.16804628382372,8.227548857014549,2.4434617485774113,4.850166635067725,-1.1538630808936623,-6.364362825992214,-7.858334531639143,0.9793357600695043,4.773134738485284,-5.2393393460914615,-11.802812602596848
TCGA-ND-A4WA-01A,-5.0586834563949665,5.47474076127032,-7.547233958098679,11.215703039430563,-2.5097942035485556,1.974389930554667,-5.459509040480592,-16.894801331149296,6.171206915214012,1.3290537552158421,-9.391702439028458,-17.232598217493447,0.46621185889319366,-7.4946049618934945,-1.9864254978807838,-8.16956275359057,4.879997724959157,8.13730578273908
TCGA-N5-A4R8-01A,33.6281300977904,2.027381696746341,-10.203420972057682,-1.6481502440740403,9.116783240479451,0.37706774808620336,-3.9761919139302204,2.2962194993932896,-2.679314086010299,-4.942228625611992,-4.246288253870917,3.3043701016357,-3.9469171302326083,2.630440920342094,4.414663300791266,-1.5163996454744282,-4.183746506052321,8.915584802604332
TCGA-N8-A4PI-01A,-14.43472851443893,-0.429795371160075,0.9287420289010838,-9.485116429850635,8.659665003913863,7.669678540813854,3.5601750705891813,12.46283745454195,7.684494368113719,-8.442343088827522,-8.763483394227476,-17.207923781270217,-14.12988118170086,-8.32756692828775,-0.9776877576295986,7.674035852514537,0.08216110175186338,10.11105301046127
TCGA-N6-A4VC-01A,-22.240708824772245,5.044093428554377,1.7220600508514827,13.59741181463009,17.16108058499215,-9.066675038642176,-1.833590235272367,5.37193181344094,3.6139373790379765,-2.008637507396474,-3.1985554598038286,-3.389988928931813,8.92769142930089,6.676579998088071,-0.498206203405692,-1.7364223455948733,6.141097383846213,-2.845576131504625
TCGA-NA-A4QY-01A,-4.027605489284048,-3.211775665210743,-3.206905656914378,11.621290900193758,-4.0339225825956895,20.805447201660638,-4.58453089204058,-4.502177589767131,6.948909594292927,2.3342751442798555,-6.593940460538465,11.248176985684148,3.3714874172992966,-0.2200724047172718,-9.163292002967788,-0.6438242713564344,1.5407782982000142,5.24374383315294
TCGA-N5-A4RM-01A,3.7219230679422517,-13.844352495932828,-15.35084031404154,-5.670985927642104,-11.41664654556806,-7.598390543748407,0.6822498560546806,0.6277194793405605,-10.364000076883537,1.2422403062547132,0.361591472084475,4.149329774640186,-1.1773869708736693,-6.2814267614357595,3.3034748607019866,7.76512068621834,3.1600531874281117,7.269506964292411
TCGA-N5-A4RN-01A,3.2459958659597326,-5.2889107344696935,-12.760256799243612,-6.921450002527259,-11.360241573951683,3.0675407898826683,-3.0631467916428234,-5.749627224479149,-7.335127347249745,-8.53070345511466,1.5385080815487697,-10.23148186610731,-5.856275788315738,8.387117881474097,-6.436274834673818,-2.436264284394056,11.581616237857943,-16.741503900838012
TCGA-N7-A59B-01A,-31.54675199416832,-17.797749046410065,11.314848492010244,-10.316652442174286,14.07609499582642,-3.4215532071035457,4.8756570338899,-7.087273229519441,-16.00782991753176,1.3805394546243708,4.298003363086519,4.66052267359678,-9.722083849694046,1.0361762935983392,-8.511587694814088,-11.248219782767775,-2.588478767204112,1.4542942645474282
TCGA-N5-A4RV-01A,3.2362258107133393,-14.272425708502874,-12.282609450606268,1.6039260423499748,-12.751288702323606,-7.157981203159559,-7.140127914048337,8.576730801277655,-15.05019606418821,-6.077949135480533,-9.624309569481701,-0.6090498631969983,0.8285649081421332,-13.649373636033022,4.6415045555825385,4.711929184116701,0.05393304504839553,-7.714253856795371
TCGA-N7-A4Y5-01A,41.49529359303129,-13.495909792561346,4.2611575601930305,-4.580207852390731,14.69400115999631,7.581763807618456,-8.091102666287718,-6.435285625904153,-2.622575012513338,1.619336503237689,1.057865187384538,-0.06746139070797201,1.278403728158516,-0.056377917383721755,-1.8880653576562467,2.1193136810963056,2.4241650448968066,-0.6792654804283381
TCGA-N9-A4Q8-01A,-25.898759857513454,-11.149372303266759,5.91543432724996,5.615192293568224,14.088923429388117,-9.389398095810376,-12.00259595348716,-5.173859588528658,1.4153491652694712,-1.4749729734647155,-0.9192057946870866,-1.5316032807579738,6.941474481980903,1.4160312729074112,-2.211057508304589,-4.002610865144383,-6.191036307385911,-6.672616611057917
TCGA-N5-A59F-01A,-9.463812623551886,4.477248543510277,5.5087761387995045,10.088024425806422,-6.71831923066596,8.284717163477447,12.381166424832877,-1.496898503852552,-6.75559368699394,-3.2094520664899755,8.390190439303968,-9.44692303941938,-0.08060316914773163,0.7718129437842143,-1.4122512813879182,0.10216453866869565,2.052687703313689,-1.3722601461093091
TCGA-N8-A4PQ-01A,14.892564638739524,22.051907575675898,15.50609304795147,-4.309149475334154,-11.950298810088583,-5.861846311408456,2.5557118793876414,-0.8294530896579005,-0.20324134485812728,-7.291238603729203,6.234734111028578,4.69840385943287,8.230004961433213,-3.9005235618370944,8.173794422334504,-6.929982204901271,-3.214185534240834,1.9039404610815234
TCGA-N8-A4PN-01A,38.88565179486819,11.911217276564978,3.8481229932251475,0.713348874651195,3.5491094206545446,1.9149278419354023,3.03291420639427,-0.5183636197549705,1.9179555729246505,-4.400578381967334,3.733578219054574,-8.53280412610755,-1.1460475832141803,2.9873457798426295,5.747256696064552,0.8689133598163375,-2.9082633407822263,-6.674972278687184
TCGA-N6-A4VG-01A,-11.486686715784105,0.2658561345072319,2.6274004968387867,12.842368723600806,-2.7246692581154135,10.816275965402298,-4.730201481827262,-3.545031975813997,9.096131370026493,-10.803059854544797,5.852503057982431,8.23812688836264,-3.5433291549370116,4.247059954503972,-0.7951208479002358,-1.596592986843936,-1.214526800739696,-2.730904508922539
TCGA-N9-A4PZ-01A,-12.934604680565172,7.418165845934876,-8.388989413672702,-14.48017344201418,-0.5918183630554832,-6.589904500110121,0.3212106061799809,-1.3667410468984926,0.5438888140413675,5.581594236659767,3.3048654930449994,1.473195466646927,-10.030958050994169,-0.17242036641564024,-2.0361522470039843,-1.1923580635092073,1.6662619651364734,4.485770285794679
TCGA-N7-A4Y0-01A,0.31893144047757854,-43.70790643562407,-9.666950534279916,0.03920928136230722,-2.1935373338584085,6.44296890987524,2.527391044895323,3.53247087802761,9.655258557951466,3.657996226398041,4.87442118163121,-2.8909102508322047,0.4170598992973753,-1.2319721240861075,21.061991460755593,-18.24184350055687,-2.5906644999810813,3.777223058081052
TCGA-NF-A4WU-01A,-16.91268428559782,3.3384772712135162,-6.305454073657049,22.458532423388668,15.86117536282618,-8.567117682760744,-10.843574648466275,-1.2537949580274834,-2.284191855718345,2.179064227664837,-1.50979110550581,-0.4770684095702827,0.3522146837676659,7.570255823348736,8.051239328843172,6.663168063971849,-1.4706938366553712,5.9417544333642
TCGA-QN-A5NN-01A,-9.41414754518193,-3.611131482368761,-6.53103490215324,-17.173419028657,-4.954761754388341,2.883001301500848,-5.686964951033514,6.273872988927977,1.0341200271979178,8.583103809470636,9.864069499897312,-7.662397303110965,11.83055931381023,9.282022359272581,-4.5570482923552325,-0.4632564998054219,-1.7648773255194445,3.990917081720132
TCGA-N5-A4RJ-01A,-7.124627415622796,4.8337335613711385,0.09249849685917708,10.897677153892502,-3.358883094257438,19.67686780519419,9.604946762702482,1.3254578016967622,-8.270617149913287,7.9463314402100345,3.914590499299417,7.606887513172412,5.186987559034956,-0.7699251058299328,-5.318290812936543,3.4299790271846327,3.0284052792150766,0.5623008072716428
TCGA-N6-A4VF-01A,-12.779682515553024,8.35848767694533,13.8723426326387,-18.161166823775705,-7.139424280140943,4.435196213632753,-0.14429063726513228,-4.343773794037808,1.8868209901753477,-3.5989101889480883,-10.447848969437578,1.8104485374739976,13.423930279569985,2.675666440903946,6.1344591866010445,12.488639109747679,-1.0993994885522118,1.122790237622437
TCGA-N7-A4Y8-01A,12.24558475152301,-28.993943067134012,-13.706987771886617,9.26598117574666,-3.1567199875034695,-1.9428591838812035,8.433360800184904,-4.26880394608617,-10.93558393736894,-1.954185445420336,-4.50021785916661,-2.945950931689095,5.269608666663351,3.732635843661894,-0.8430266371694013,1.7599931343058486,3.65833057857378,0.6182853602465643
TCGA-NA-A4R0-01A,-15.924418387121372,7.370520029474914,20.64124630883945,-3.541526099545773,-10.999512817635843,-0.4980788636082179,-7.61187677964535,0.9455936485403692,-0.2350837217569046,-5.2703182800427575,12.99304503839206,-2.677529986831706,-9.609641146325538,5.242649555756948,0.781709677756251,4.873390591969804,1.907250863991437,6.51045623921312
TCGA-N6-A4V9-01A,-14.595696965711323,8.38243202381112,-10.99780644034331,-5.4941189119087985,2.3768743673073707,-12.794497599867286,-16.349337081984306,7.368449118907175,4.766331521974039,22.868522888556008,2.7793198246452206,8.330015549668111,-6.107950724919132,-6.668222691389725,-2.023812185528096,1.3433168963620392,5.445379529929225,-4.445873780601693
TCGA-N9-A4Q1-01A,33.520031540044684,-6.0439693998815285,18.655759932009214,4.229200010392848,-3.6398641061928187,-9.340646920880394,0.6379866714607545,-7.269134967292866,-0.649434711196972,2.645476968676489,-0.9010989782562282,-4.496878076235484,2.0400898289182536,3.6099777505348323,-1.81851298940665,2.5930473254552857,-6.942143095488533,-3.9515702550091416
TCGA-N9-A4Q4-01A,29.656782813507533,2.4787962703041555,5.863917827520259,1.3503208034827365,8.912745517540234,-0.2776727080721236,4.809592056829992,0.08094481366128786,-3.374072763104194,9.653080303585101,-1.4953833821354037,0.7077404368457729,2.301733804663114,2.541975160738784,0.9902117329294238,0.08588997474720371,-2.9832921197157036,-6.538306072931268
TCGA-N5-A4RD-01A,16.12459495578491,5.250480412355934,-8.846746332249815,-0.43372538064348004,4.971735087634666,-3.1787355320774964,19.511305708618515,7.920328424949691,4.489850188231296,0.8111289617273774,-2.470219174656917,-0.30936480066783284,-2.702732423516456,-0.257160868128485,-7.844610008959642,5.656523405268864,0.5479908985360432,6.096120742484438
TCGA-NF-A5CP-01A,-17.38755266524851,3.0347177042341205,8.393889757317586,-18.33875335378272,1.0920460554058733,8.356762367837879,-8.585162466089098,8.582161557291967,0.5561896434296325,2.5446664545747426,9.234692611817879,-5.512843884815319,6.46877235675059,7.497832990936962,-0.27033827586004827,-0.49207631910777305,3.799593346396972,6.203183222662659
TCGA-N8-A4PP-01A,-1.9936753336359394,3.3270115530969733,17.155585617268674,7.730718914959024,-7.572183933166796,-3.362167838642688,1.6877724371058656,8.574288000298193,5.794148534449899,-6.040421835329403,-8.191321843679502,-2.2783000927268002,-1.813752528570436,-6.597770960775881,-12.991808897947559,-13.98353683537364,-2.9513924173500397,1.5442300984883248
TCGA-N5-A59E-01A,5.261071617745424,13.863188903930068,-13.911056186617454,5.471479865390582,-8.383154241799165,-1.8333406838030226,9.501300949375374,3.216729572387326,-7.95320510827356,2.9282402224630166,2.340394640529283,5.577537956049903,2.173636654618575,6.643597508040735,-0.24846756882455504,2.4255877895288878,3.687458575352779,1.5841321531585464
TCGA-N8-A4PO-01A,-7.835070730239425,8.116316564227537,4.6759817855031605,-9.291292776826813,-7.275724159041577,-3.7732279223540983,-5.4534026548099375,-17.762270366743437,4.386563340899921,-3.97090562869262,-1.3624415467523912,-4.428237840791907,-5.604985287695841,-2.5381851467753895,-1.1508196055764153,9.227459913308955,-11.940289394348353,-3.8319884541062454
TCGA-QM-A5NM-01A,-24.774936154700946,-7.458557397823214,-1.009762493209943,-12.796389233627288,15.058068871286801,-5.811091562101493,9.04586121739695,-10.172450243213861,-12.112560481454588,-3.267670310033705,2.9212911258466283,4.757586463668725,-0.8118947126979447,-3.230627340075466,-7.4373320018984845,0.0170885582181985,-6.561115260236673,1.8479034825326406
TCGA-N9-A4Q7-01A,-13.552920708246122,-30.176905039075876,30.92740576686878,12.708303877965319,-15.79484707946333,-2.8163486412537315,9.599223905726642,-6.592680130344421,3.897617254522525,8.40623423801742,-4.581551861370648,9.563198682815141,-11.601357357538754,5.785702470093323,5.602163695830111,7.993162476371819,6.806641034683023,0.6392025819042566
